{"cameraMode":{"drawMode":0,"name":"Shaded","section":"Shading Mode"},"sceneLighting":false,"audioPlay":false,"sceneViewState":{"m_AlwaysRefresh":false,"showFog":true,"showSkybox":false,"showFlares":true,"showImageEffects":true,"showParticleSystems":true,"showVisualEffectGraphs":true,"m_FxEnabled":true},"in2DMode":false,"pivot":{"x":0.17504256963729859,"y":1.0539464950561524,"z":0.43258702754974368},"rotation":{"x":-0.022256890311837198,"y":0.9743901491165161,"z":-0.11186570674180985,"w":-0.19366566836833955},"size":0.6581223011016846,"orthographic":false}