{"cameraMode":{"drawMode":0,"name":"Shaded","section":"Shading Mode"},"sceneLighting":false,"audioPlay":false,"sceneViewState":{"m_AlwaysRefresh":false,"showFog":true,"showSkybox":false,"showFlares":true,"showImageEffects":true,"showParticleSystems":true,"showVisualEffectGraphs":true,"m_FxEnabled":true},"in2DMode":false,"pivot":{"x":-3.0922765731811525,"y":-2.559683322906494,"z":-2.8831324577331545},"rotation":{"x":-0.12401807308197022,"y":0.8738144636154175,"z":-0.29814180731773379,"w":-0.3634827136993408},"size":0.08660245686769486,"orthographic":true}